{
	"A": "A.wav",
	"B": "B.wav",
	"C": "C.wav",
	"D": "D.wav",
	"E": "E.wav",
	"F": "F.wav",
	"G": "G.wav",
	"H": "H.wav",
	"I": "I.wav",
	"J": "J.wav",
	"K": "K.wav",
	"L": "L.wav",
	"M": "M.wav",
	"N": "N.wav",
	"O": "O.wav",
	"P": "P.wav",
	"Q": "Q.wav",
	"R": "R.wav",
	"S": "S.wav",
	"T": "T.wav",
	"U": "U.wav",
	"V": "V.wav",
	"W": "W.wav",
	"X": "X.wav",
	"Y": "Y.wav",
	"Z": "Z.wav",
	"0": "0.wav",
	"1": "1.wav",
	"2": "2.wav",
	"3": "3.wav",
	"4": "4.wav",
	"5": "5.wav",
	"6": "6.wav",
	"7": "7.wav",
	"8": "8.wav",
	"9": "9.wav",
	"F1": "F1.wav",
	"F2": "F2.wav",
	"F3": "F3.wav",
	"F4": "F4.wav",
	"F5": "F5.wav",
	"F6": "F6.wav",
	"F7": "F7.wav",
	"F8": "F8.wav",
	"F9": "F9.wav",
	"F10": "F10.wav",
	"F11": "F11.wav",
	"F12": "F12.wav",
	"ESCAPE": "ESCAPE.wav",
	"SPACE": "ESPACO.wav",
	"ENTER": "ENTER.wav",
	"TAB": "TAB.wav",
	"SHIFT": "SHIFT.wav",
	"CTRL": "CTRL.wav",
	"ALT": "ALT.wav",
	"BACKSPACE": "BACKSPACE.wav",
	"CAPS LOCK": "CAPS_LOCK.wav",
	"DELETE": "DELETAR.wav",
	"HOME": "HOME.wav",
	"END": "END.wav",
	"INSERT": "INSERT.wav",
	"PAGE UP": "PAGE_UP.wav",
	"PAGE DOWN": "PAGE_DOWN.wav",
	"UP": "SETA_PARA_CIMA.wav",
	"DOWN": "SETA_PARA_BAIXO.wav",
	"LEFT": "SETA_PARA_ESQUERDA.wav",
	"RIGHT": "SETA_PARA_DIREITA.wav",
	"NUM LOCK": "NUM_LOCK.wav",
	"SCROLL LOCK": "SCROLL_LOCK.wav",
	"PAUSE": "PAUSE.wav",
	"WINDOWS": "WINDOWS.wav",
	"PERIOD": "PONTO.wav",
	"SEMICOLON": "PONTO_VIRGULA.wav",
	"QUOTE": "ASPAS.wav",
	"COMMA": "VIRGULA.wav",
	"MINUS": "MENOS.wav",
	"EQUALS": "IGUAL.wav",
	"OPEN BRACKET": "COLCHETE_ESQUERDO.wav",
	"CLOSE BRACKET": "COLCHETE_DIREITO.wav",
	"BACK SLASH": "BACK_SLASH.wav",
	"BACK QUOTE": "APOSTROFO.wav",
	"CONTEXT MENU": "CONTEXT_MENU.wav",
	"PRINT SCREEN": "PRINT_SCREEN.wav",
	"ALT GRAPH": "ALT_GR.wav",
	"SLASH": "DIVIDIR.wav",
	"UNKNOWN KEYCODE: 0XE4A": "MENOS.wav",
	"UNKNOWN KEYCODE: 0XE4E": "MAIS.wav",
	"NUMPAD ,": "VIRGULA.wav"
}
